901 Columbus,4.3(277) · $,Cafe · 901 Columbus Ave,Casual cafe with a daily happy hour,Open ⋅ Closes 8 PM
Abanico Coffee Roasters,4.8(140) · $,Coffee shop · 2121 Mission St,Easygoing cafe for Latin American drinks,Open ⋅ Closes 4 PM
Alamo Square Cafe,4.5(219) · $$,Cafe · 711 Fillmore St,Small coffeehouse with free WiFi,Open ⋅ Closes 4 PM
All Star Cafe,4.1(260) · $,Cafe · 1500 Market St,Compact cafe for Asian fare & donuts,Open 24 hours
All Star Cafe,4.3(115),Cafe · 1306 Mission St,Open ⋅ Closes 5:45 PM,
Andytown Coffee Roasters,4.6(971) · $,Coffee shop · 3655 Lawton St,Snug coffee shop for espresso & pastries,Open ⋅ Closes 5 PM
Andytown Coffee Roasters,4.6(189) · $$,"Coffee shop · Rooftop, 181 Fremont Street, Park Level, Fremont St",Open ⋅ Closes 4 PM,
Angel Cafe & Deli,4.6(231) · $,Cafe · 700 Geary St,Simple locale for breakfast & lunch fare,Closed ⋅ Opens 6 AM Fri
Another Cafe,4.4(454) · $,Coffee shop · 1191 Pine St,Airy spot for coffee & panini sandwiches,Open ⋅ Closes 8 PM
Another Cafe,4.4(454) · $,Cafe · 1191 Pine St,Airy spot for coffee & panini sandwiches,Open ⋅ Closes 8 PM
Atlas Cafe,4.4(761) · $,Coffee shop · 3049 20th St,Coffee shop with unique sandwiches,Open ⋅ Closes 6 PM
Atlas Cafe,4.4(761) · $,Cafe · 3049 20th St,Coffee shop with unique sandwiches,Open ⋅ Closes 6 PM
Bazaar Café,4.6(263) · $,Coffee shop · 5927 California St,"Drinks, live music & global chow",Closes soon ⋅ 2:30 PM ⋅ Reopens 6:30 PM
Beacon Coffee & Pantry,4.3(402) · $$,Coffee shop · 805 Columbus Ave,Artisanal coffee shop & specialty market,Closes soon ⋅ 2 PM ⋅ Opens 7:30 AM Fri
Bean Bag Cafe,4.5(815) · $,Restaurant · 601 Divisadero St,"Coffee & light eats, sidewalk seating",Open ⋅ Closes 9 PM
BeanStalk Cafe,4.4(584) · $,Coffee shop · 724 Bush St,Intimate spot for coffee & global bites,Closes soon ⋅ 2:30 PM ⋅ Opens 8 AM Fri
Bernie's,4.5(188) · $,Cafe · 3966 24th St,Coffee & pastries in Victorian building,Closes soon ⋅ 2 PM ⋅ Opens 5:30 AM Fri
Biscoff Coffee Corner,4.3(721) · $$,Coffee shop · 213 Pier 39,Snug cafe with pastries & smoothies,Open ⋅ Closes 10 PM
Blue Bottle Coffee,4.5(692) · $$,Coffee shop · 2 S Park St,Hip cafe for gourmet coffee & pastries,Open ⋅ Closes 5 PM
Blue Bottle Coffee,"4.4(1,169) · $$",Coffee shop · 115 Sansome St,Hip cafe for gourmet pastries & coffee,Open ⋅ Closes 5 PM
Blue Bottle Coffee,4.6(802) · $$,Coffee shop · 315 Linden St,Hip cafe for gourmet coffee & pastries,Open ⋅ Closes 6:30 PM
Blue Bottle Coffee,4.3(692) · $$,"Coffee shop · 1 Ferry Building, 7",Hip cafe for gourmet coffee & pastries,Open ⋅ Closes 6:30 PM
Blue Bottle Coffee,4.5(257) · $$,Coffee shop · 168 2nd St,Hip cafe chain for coffee & pastries,Open ⋅ Closes 5 PM
Blue Bottle Coffee,4.3(193) · $$,Coffee shop · 705 Market St,Hip cafe for gourmet coffee & pastries,Open ⋅ Closes 5 PM
Blue Bottle Coffee,4.5(86) · $$,Coffee shop · 1385 4th St,Hip cafe for gourmet coffee & pastries,Open ⋅ Closes 5 PM
Blue Bottle Coffee,4.2(34) · $$,Coffee shop · 55 S Van Ness Ave,Hip cafe for gourmet coffee & pastries,Open ⋅ Closes 5 PM
Blue Bottle Coffee,4.1(120) · $$,Cafe · 909 Montgomery St # 105,Hip cafe for gourmet coffee & pastries,Open ⋅ Closes 5 PM
Blue Bottle Coffee,4.7(10) · $$,Coffee shop · 250 Howard St Suite 3A,Hip cafe for gourmet coffee & pastries,Closes soon ⋅ 2:30 PM ⋅ Opens 7 AM Fri
Blue Danube Coffee House,4.2(336) · $$,Coffee shop · 306 Clement St,Artsy neighborhood cafe,Open ⋅ Closes 7 PM
Bluestone Lane Front Street Coffee Shop,4.3(134) · $$,Coffee shop · 227 Front St,Open ⋅ Closes 4 PM,
Bluestone Lane SOMA Coffee Shop,4.3(74) · $$,Coffee shop · 55 2nd St,Open ⋅ Closes 4 PM,
Bluestone Lane Theatre District Coffee Shop,4.1(107) · $$,Coffee shop · 562 Sutter St,Closes soon ⋅ 2 PM ⋅ Opens 6 AM Fri,
Bluestone Lane Union Square Coffee Shop,4.2(347) · $$,Coffee shop · 685 Market St,Airy spot for coffee & all-day eats,Closes soon ⋅ 2 PM ⋅ Opens 7 AM Fri
Cafe 22,5.0(1),Cafe · 325 Mason St,Open ⋅ Closes 6 PM,
Cafe 450,3.4(5),Cafe · 450 Golden Gate Ave,,
Cafe 5,3.9(46),Cafe · 151 3rd St,Closed ⋅ Opens 11 AM Fri,
Cafe Bean,4.2(100) · $,Coffee shop · 800 Sutter St,Cozy spot for espresso & light fare,Open ⋅ Closes 5 PM
Cafe de Casa,4.7(900) · $,Cafe · 2701 Leavenworth St,"Brazilian coffee, pastry & lunch shop",Closed ⋅ Opens 8 AM Fri
Cafe de Casa,4.6(391),Coffee shop · 3985 17th St,Brazilian bites & coffee in a cozy space,Open ⋅ Closes 7 PM
Cafe Destijl,4.3(52) · $$,Cafe · 1 Union St,Temporarily closed,
Cafe Du Soleil,4.7(164),Cafe · 345 3rd St,Quaint French cafe & brunch spot,Closes soon ⋅ 3 PM ⋅ Opens 9 AM Fri
Cafe Encore,4.2(141) · $$,Cafe · 488 Post St,Open ⋅ Closes 7 PM,
Cafe Francisco,4.4(440) · $,Coffee shop · 2161 Powell St,Mediterranean & American eats plus art,Open ⋅ Closes 3 PM
Cafe Franco,4.8(43),Cafe · 240 Funston Rd,Closes soon ⋅ 3 PM ⋅ Opens 8 AM Fri,
Cafe International,4.5(401) · $,Cafe · 508 Haight St,Hybrid coffeehouse & live music hangout,Open ⋅ Closes 4:30 PM
Cafe La Tazita,4.3(431),Cafe · 470 Post St,No-frills breakfast & lunch venue,Closes soon ⋅ 2:30 PM ⋅ Opens 7:30 AM Fri
Cafe Le,4.7(69),Cafe · 2895 Van Ness Ave,Closes soon ⋅ 2:30 PM ⋅ Opens 7:30 AM Fri,
Cafe Me,4.6(134) · $,Coffee shop · 500 Washington St #102,Daytime stop for coffee & sandwiches,Closed ⋅ Opens 5:30 AM Fri
Cafe Murano,4.3(92) · $,Cafe · 1777 Steiner St,Cozy coffee bar with outdoor seating,Closed ⋅ Opens 7 AM Fri
Cafe New Honolulu,3.8(186) · $,Cafe · 888 Stockton St,Cash-only Chinese restaurant & bakery,Open ⋅ Closes 7:30 PM
Cafe Pacific Plaza,4.8(100) · $,Cafe · 1338 Franklin St,Open ⋅ Closes 3:30 PM,
Cafe Réveille,4.4(725) · $$,Coffee shop · 610 Long Bridge Street,Coffee & brunch in stylish surrounds,Open ⋅ Closes 5 PM
Cafe Réveille,4.4(725) · $$,Cafe · 610 Long Bridge Street,Coffee & brunch in stylish surrounds,Open ⋅ Closes 5 PM
Cafe Réveille,4.1(156),Cafe · 1998 Polk St,Open ⋅ Closes 7:30 PM,
Cafe Suspiro,4.8(166) · $,Coffee shop · 1246 Folsom St,"Hip, scooter-themed espresso bar",Open ⋅ Closes 4 PM
Cafe Valencia,4.5(159),Brazilian · 1252 Valencia St,Local market for Brazilian groceries,Open ⋅ Closes 6 PM
Cafecito,4.7(112) · $,Coffee shop · 406 Ellis St,Colorful cafe for sandwiches & coffee,Open ⋅ Closes 6 PM
Caffe Bianco,4.6(164) · $,Cafe · 39 Sutter St,Classic coffee shop with sandwiches,Closes soon ⋅ 3 PM ⋅ Opens 8:30 AM Fri
Caffe Capriccio,4.6(233) · $,Coffee shop · 2200 Mason St,Relaxed spot for sandwiches & salads,Open ⋅ Closes 4 PM
Caffe Central,4.3(634) · $$,Coffee shop · 133 O'Farrell St,Gourmet roasts in a cool coffee shop,Open ⋅ Closes 6 PM
Caffe Central,4.3(634) · $$,Breakfast · 133 O'Farrell St,Gourmet roasts in a cool coffee shop,Open ⋅ Closes 6 PM
Caffe Greco,"4.5(1,185) · $$",Cafe · 423 Columbus Ave,Espresso drinks & Italian sweets,Open ⋅ Closes 10 PM
Caffe Moda,4.2(104) · $,Coffee shop · 160 7th St,Casual spot for breakfast & lunch,Closed ⋅ Opens 7 AM Fri
Caffe Trieste,"4.5(1,318) · $",Coffee shop · 601 Vallejo St.,Historic spot for coffee & live music,Open ⋅ Closes 10 PM
Capital One Café,4.3(191) · $,Coffee shop · 101 Post St,Modern coffeehouse with free WiFi,Open ⋅ Closes 6 PM
Cavalli Cafe,4.5(263) · $,Cafe · 1441 Stockton St,Espresso bar with Italian treats & music,Open ⋅ Closes 11 PM
Chuck Williams Cafe,5.0(1),Cafe · 1101 Van Ness Ave,Open ⋅ Closes 6 PM,
Church Street Cafe,4.3(220) · $,Coffee shop · 260 Church St,Coffee & WiFi in an exposed-brick space,Open ⋅ Closes 5 PM
Coffee Bar Montgomery,4.5(113) · $,Coffee shop · 101 Montgomery St,Locally roasted coffee & cafe fare,Closes soon ⋅ 2:30 PM ⋅ Opens 7 AM Fri
Coffee Bar-Kearny,5.0(19),Coffee shop · 433 Kearny St,Casual cafe with carefully sourced beans,Closes soon ⋅ 2:30 PM ⋅ Opens 7 AM Fri
Coffee Bodega Farm-to-Table,4.7(212),Coffee shop · 1 California St,Open ⋅ Closes 5 PM,
Coffee Cultures,5.0(12),Coffee shop · 655 Montgomery St,Closed ⋅ Opens 7 AM Fri,
Coffee To The People,4.3(516) · $,Coffee shop · 1206 Masonic Ave,Indie coffee shop,Open ⋅ Closes 6 PM
CoffeeShop,4.8(139),Coffee shop · 2761 21st St,"Espresso, tea, pastries & sidewalk seats",Open ⋅ Closes 5 PM
CoffeeShop,4.7(232) · $,Coffee shop · 3139 Mission St,Locally roasted beans & sweet treats,Open ⋅ Closes 4 PM
CoffeeSmith,4.8(39),Coffee shop · 401 Golden Gate Ave,Closes soon ⋅ 2:30 PM ⋅ Opens 7:30 AM Fri,
Coit Tower Cafe,3.7(9),Coffee shop · Coit Tower,Open ⋅ Closes 6 PM,
Compton’s Coffee House,4.8(163),Coffee shop · 1910 Fillmore St,Open ⋅ Closes 5 PM,
Cozy Cafe,4.7(126) · $,Cafe · 965 Sutter St C,Closed ⋅ Opens 7 AM Fri,
Cumaica: Artesanos del Cafe,4.4(278) · $,Coffee shop · 1398 Mission St,Caffeine cafe with creative drinks,Closes soon ⋅ 2 PM ⋅ Opens 5:30 AM Fri
Cup A Joe Coffeehouse,4.3(349) · $,Coffee shop · 896 Sutter St,Laid-back neighborhood coffee shop,Open ⋅ Closes 7 PM
Daily Habit,4.9(13),Coffee shop · 1 Maritime Plz,Closed ⋅ Opens 6 AM Fri,
Darren's Café,4.5(687) · $$,Cafe · 2731 Taylor St,Asian/American breakfast & lunch eats,Closed ⋅ Opens 8 AM Fri
Dolores Park Cafe,4.2(746) · $$,Cafe · 501 Dolores St,Organic eats & sunny parkside hangout,Open ⋅ Closes 5 PM
Duboce Park Cafe,4.3(869) · $$,Coffee shop · 2 Sanchez St,Coffee shop with organic eats,Open ⋅ Closes 5 PM
Duboce Park Cafe,4.3(869) · $$,Cafe · 2 Sanchez St,Coffee shop with organic eats,Open ⋅ Closes 5 PM
El Cafetazo,4.0(121) · $,Coffee shop · 3087 16th St,Coffee shop & juice bar,Open ⋅ Closes 3 PM
Enter The Cafe,4.4(104) · $,Cafe · 1401 Powell St,Bright corner coffee shop with ice cream,Open ⋅ Closes 7 PM
Equator Coffees,3.8(308),Coffee shop · Golden Gate Brg,"Hip spot for coffee, tea & light eats",Open ⋅ Closes 6 PM
Farley's Coffeehouse,4.6(564) · $,Coffee shop · 1315 18th St,Contemporary cafe for baked fare & lunch,Open ⋅ Closes 6 PM
Fillmore Street Cafe,4.2(151) · $,Coffee shop · 1301 Fillmore St,Casual cafe for deli sandwiches & salads,Open ⋅ Closes 9 PM
Fillmore Street Cafe,4.2(151) · $,Cafe · 1301 Fillmore St,Casual cafe for deli sandwiches & salads,Open ⋅ Closes 9 PM
First Cup Café,4.4(51),Coffee shop · 2911 Van Ness Ave,Open ⋅ Closes 4 PM,
Flywheel Coffee Roasters,4.5(956),Coffee shop · 672 Stanyan St,Minimalist spot for hand-roasted java,Open ⋅ Closes 6 PM
Foghorn Coffee,3.8(30),Coffee shop · 900 North Point St Suite E204B,Open ⋅ Closes 7 PM,
Four Barrel Coffee,"4.5(2,384) · $$",Coffee shop · 375 Valencia St,Sophisticated drip coffee drinks & more,Open ⋅ Closes 5 PM
Fresh Brew Coffee,4.8(494) · $,Cafe · 882 Bush St,"Cozy, American-Vietnamese sandwich spot",Closes soon ⋅ 3 PM ⋅ Opens 7 AM Fri
FRONT EXHIBITS & CAFE,4.7(30),Coffee shop · 498 Alabama St,Closes soon ⋅ 3 PM ⋅ Opens 8 AM Fri,
Fueling Station Cafe,4.6(213) · $,Cafe · 2436 Polk St,"Cafe for banh mi, waffles & coffee",Open ⋅ Closes 5 PM
Goody Cafe,4.4(76),"Coffee shop · Landmark Building C, 2 Marina Blvd",Open ⋅ Closes 5 PM,
Graffeo Coffee Roasting Co.,4.7(69),Coffee shop · 735 Columbus Ave,Coffeehouse with signature roasts,Open ⋅ Closes 5 PM
Graffeo Coffee Roasting Co.,4.7(69),Coffee store · 735 Columbus Ave,Coffeehouse with signature roasts,Open ⋅ Closes 5 PM
Grand Coffee,4.7(157) · $,Coffee shop · 2663 Mission St,"Locally sourced coffee, tea & pastries",Open ⋅ Closes 5 PM
Hedge Coffee,4.8(76),Coffee shop · 434 Shotwell St,,
Henry's House of Coffee,4.6(406) · $,Coffee shop · 1618 Noriega St,Area stalwart with hand-roasted beans,Open ⋅ Closes 5 PM
Hermanos Coffee + Juice,4.7(26),Coffee shop · 650 California St,Temporarily closed,
Hideaway Cafe,4.7(182),Laundry · 850 Jones St,Closed ⋅ Opens 8 AM Fri,
Higher Grounds Coffee House,4.6(273) · $$,Cafe · 691 Chenery St,Chill cafe with a neighborhood vibe,Open ⋅ Closes 3 PM
HITW Coffee,4.7(196) · $,Coffee shop · 524 Union St,Closed ⋅ Opens 9 AM Sat,
Hollywood Cafe,"4.5(2,139) · $$",Cafe · 530 North Point St,Cinema-themed cafe,Closed ⋅ Opens 8 AM Fri
Home Coffee Roasters,4.7(338) · $,Coffee shop · 455 Grant Ave,Open ⋅ Closes 4 PM,
Honey Honey Cafe & Crepery,"4.3(3,370) · $$",Cafe · 599 Post St,Sweet & savory crêpe specialist,Closes soon ⋅ 3 PM ⋅ Opens 7 AM Fri
Hyatt Coffee Bar,3.7(32),Coffee shop · 345 Stockton St,Modern hotel lobby cafe with free Wi-Fi,Closed ⋅ Opens 6:30 AM Fri
Hyatt Regency Cafe,5.0(4),"Coffee shop · Hyatt Regency San Francisco, 5 Embarcadero Ctr",,
Il Canto Cafe,4.7(280) · $,Cafe · 475 Sacramento St,Mellow option with coffee & light fare,Open ⋅ Closes 4 PM
Iron Horse Coffee Shop,4.4(107) · $,Coffee shop · 25 Maiden Ln,"Snug, modern coffee shop",Closes soon ⋅ 2:30 PM ⋅ Opens 7:30 AM Fri
Jackson Place Café,4.6(73) · $,Coffee shop · 633 Battery St,Breakfast & lunch kiosk with a courtyard,Closes soon ⋅ 2:30 PM ⋅ Opens 8:30 AM Tue
Jane on Larkin,4.4(632) · $$,Coffee shop · 925 Larkin St,"Hip cafe with sandwiches, coffee & more",Open ⋅ Closes 4 PM
Javalencia,4.3(73),Coffee shop · 1594 Market St,Open ⋅ Closes 3 PM,
Javalencia,4.3(73),Cafe · 1594 Market St,Closes soon ⋅ 3 PM ⋅ Opens 8 AM Fri,
Joy's Place,4.3(388) · $,Coffee shop · 611 Post St,Cozy coffee shop with Asian desserts,Open ⋅ Closes 8 PM
La Promenade Café,4.5(427) · $,Cafe · 3643 Balboa St,"Airy space for coffee, bagels & lunch",Open ⋅ Closes 5 PM
Lady Falcon Coffee Club,4.3(87),Coffee shop · Park,Vintage coffee truck for espresso drinks,Open ⋅ Closes 3 PM
Lafayette Coffee Shop,4.2(206) · $,Coffee shop · 611 Larkin St,Open ⋅ Closes 9 PM,
Le Cafe du Soleil,4.5(539) · $,Cafe · 400 Waller St,French bistro with sidewalk seating,Open ⋅ Closes 5 PM
Le Petit Cafe,4.3(8) · $,Cafe · 1 Maritime Plz # Grnd,Counter serve for breakfast & lunch fare,Closed ⋅ Opens 8 AM Fri
Linea Caffe,4.5(334) · $$,Coffee shop · 3417 18th St,Snug cafe offering organic coffees,Closes soon ⋅ 2 PM ⋅ Opens 7 AM Fri
Maggie's Cafe,3.1(104),Cafe · 848 Grant Ave,Open ⋅ Closes 4 PM,
Martha & Brothers Coffee Company,4.5(294) · $,Coffee shop · 3868 24th St,Low-key stop for coffee & baked goods,Open ⋅ Closes 7:30 PM
Matching Half,4.5(376) · $$,Coffee shop · 1799 McAllister St,Arty coffee shop with light fare,Open ⋅ Closes 3 PM
Mazarine Coffee,"4.5(1,511) · $$",Coffee shop · 720 Market St,Stylish cafe for espresso & light bites,Open ⋅ Closes 3 PM
Mazarine Coffee,"4.5(1,511) · $$",Cafe · 720 Market St,Stylish cafe for espresso & light bites,Closes soon ⋅ 3 PM ⋅ Opens 7 AM Fri
Mercury Cafe,4.3(309) · $$,Cafe · 201 Octavia St,Light-filled space with an organic menu,Open ⋅ Closes 3 PM
Milk-SF,4.7(76),Cafe · 302 Valencia St,Open ⋅ Closes 4 PM,
Mission Blue,5.0(145),Coffee shop · 144 Leland Ave,Modern retail shop for coffee & pastries,Open ⋅ Closes 3 PM
Morning Brew Coffee & Tea,3.6(20) · $$,Cafe · 401 Sansome St,Unassuming stop for banh mi & espresso,Closes soon ⋅ 3 PM ⋅ Opens 7 AM Fri
Mo'z Cafe,"4.2(1,162) · $$",Cafe · 36 5th St,Neighborhood cafe known for breakfast,Closed ⋅ Opens 6 AM Fri
Muddy Waters Coffee House,4.1(292) · $,Coffee shop · 521 Valencia St,No-frills coffee shop,Open ⋅ Closes 3 PM
Müesi Cafe,4.5(119),Coffee shop · 2055 Union St Suite B,Open ⋅ Closes 5:30 PM,
Mymy,"4.5(1,610) · $$",Coffee shop · 1500 California St,Bright corner spot for big breakfasts,Closes soon ⋅ 2 PM ⋅ Opens 9 AM Fri
Mymy,"4.5(1,610) · $$",Cafe · 1500 California St,Bright corner spot for big breakfasts,Closed ⋅ Opens 9 AM Fri
Nina's Cafe,4.3(18),Cafe · 201 Fell St,Corner deli & coffee shop,Closes soon ⋅ 3 PM ⋅ Opens 7 AM Fri
Noe Cafe,4.7(277),Coffee shop · 1299 Sanchez St,Intimate spot for coffee & snacks,Open ⋅ Closes 7 PM
Pat's Cafe,"4.5(1,308) · $$",Cafe · 2330 Taylor St,American eatery with a laid-back brunch,Closed ⋅ Opens 7:30 AM Fri
Peet's Coffee,4.2(709) · $,Coffee shop · 773 Market St,Coffeehouse chain also known for its tea,Open ⋅ Closes 7 PM
Peet's Coffee,4.3(462) · $,Coffee shop · 1400 Mission St Suite 130,Coffeehouse chain also known for its tea,Open ⋅ Closes 4 PM
Peet's Coffee,4.2(223) · $,Coffee shop · 160 Jefferson St,Coffeehouse chain also known for its tea,Open ⋅ Closes 9 PM
Peet's Coffee,4.2(352) · $,Coffee shop · 601 Van Ness Ave,Coffeehouse chain also known for its tea,Open ⋅ Closes 6 PM
Peet's Coffee,4.4(179) · $,Coffee shop · 625 8th St,Coffeehouse chain also known for its tea,Open ⋅ Closes 6 PM
Peet's Coffee,3.8(24) · $,Coffee shop · 155 Montgomery St #161,Coffeehouse chain also known for its tea,Open ⋅ Closes 5 PM
Peet's Coffee,4.3(145) · $,"Coffee shop · Two Embarcadero Center, Front Street Suite R2113",Coffeehouse chain also known for its tea,Open ⋅ Closes 5 PM
Peet's Coffee,4.2(152) · $,Coffee shop · 595 Market St Suite 143,Coffeehouse chain also known for its tea,Open ⋅ Closes 4 PM
Philz Coffee,"4.5(1,134) · $$",Coffee shop · 5 Embarcadero Ctr,Custom-blended java in a casual setting,Open ⋅ Closes 6 PM
Philz Coffee,"4.6(1,358) · $$",Coffee shop · 3101 24th St,Custom-blended java in a casual setting,Open ⋅ Closes 5 PM
Philz Coffee,"4.5(1,222) · $$",Coffee shop · 1 Front St #100,Custom-blended java in a casual setting,Open ⋅ Closes 5 PM
Philz Coffee,4.4(612) · $$,Coffee shop · 399 Golden Gate Ave,Custom-blended java in a casual setting,Open ⋅ Closes 5:30 PM
Philz Coffee,4.5(917) · $$,Coffee shop · 201 Berry St,Custom-blended java in a casual setting,Open ⋅ Closes 5 PM
Philz Coffee,4.6(518) · $$,Coffee shop · 1775 17th St,Custom-blended java in a casual setting,Open ⋅ Closes 5 PM
Philz Coffee,4.5(919) · $$,Coffee shop · 549 Castro St,Custom-blended java in a casual setting,Open ⋅ Closes 6 PM
Piccino Coffee Bar & Bakery,4.4(138),Coffee shop · 845 22nd St,Open ⋅ Closes 5:30 PM,
Piccino Coffee Bar & Bakery,4.4(138),Cafe · 845 22nd St,Open ⋅ Closes 5:30 PM,
Pinhole Coffee,4.7(480) · $$,Coffee shop · 231 Cortland Ave,Storefront coffeehouse with pastry,Open ⋅ Closes 5:30 PM
Planet Cafe,4.7(44) · $,Coffee shop · 244 Gough St,Revamped American cafe for casual bites,Closes soon ⋅ 2 PM ⋅ Opens 7:30 AM Fri
Progressive Grounds,4.5(383) · $,Coffee shop · 400 Cortland Ave,Coffeehouse with ice cream & patio,Open ⋅ Closes 6 PM
Radiator coffee salon,3.7(18),Cafe · 299 2nd St,Closed ⋅ Opens 6 AM Fri,
Red Bay Coffee Ferry Building,4.0(172),"Coffee shop · 1, Ferry Building, Shop 43",Open ⋅ Closes 6 PM,
Réveille Coffee Co.,4.3(738) · $$,Coffee shop · 200 Columbus Ave,Modern cafe with New American fare,Open ⋅ Closes 4 PM
Réveille Coffee Co.,3.8(4),Coffee shop · 768 Sansome St,Temporarily closed,
Rise & Grind Coffee and Tea,4.5(370) · $,Coffee shop · 785 8th Ave,"Modern cafe for coffee, tea & pastries",Open ⋅ Closes 5 PM
Ritual Coffee Roasters,4.5(455) · $$,Coffee shop · 432b Octavia St,Coffeehouse using small-farm beans,Open ⋅ Closes 6 PM
Ritual Coffee Roasters,"4.3(1,512) · $$",Coffee shop · 1026 Valencia St,Coffeehouse using small-farm beans,Open ⋅ Closes 7 PM
Ritual Coffee Roasters,4.4(440) · $$,Coffee shop · 1300 Haight St,Coffeehouse using small-farm beans,Open ⋅ Closes 6 PM
Rose's Cafe,4.4(826) · $$,Cafe · 2298 Union St,Relaxed Italian cafe with a terrace,Open ⋅ Closes 9 PM
Saint Frank Coffee,"4.5(1,056) · $$",Coffee shop · 2340 Polk St,Bright & spacious local coffeehouse,Open ⋅ Closes 6 PM
Sammie Cafe,5.0(4),Coffee shop · 881 Post St,Closed ⋅ Opens 8 AM Fri,
Sammy's Cafe,4.6(128) · $,Cafe · 1416 Bush St,Homey breakfast & sandwich establishment,Closes soon ⋅ 3 PM ⋅ Opens 8:30 AM Fri
San Francisco Coffee Company,4.7(12),Coffee roasters · 70 13th St,Open ⋅ Closes 5 PM,
Sana’a cafe,4.9(87),Coffee shop · 199 New Montgomery St,Open ⋅ Closes 10 PM,
Schilling & Co Cafe,4.6(48) · $$,Cafe · 667 Commercial St,Closed ⋅ Opens 8 AM Fri,
Scullery,4.7(345) · $,Coffee shop · 687 Geary St,"Tiny, artsy cafe for coffee & pastries",Closes soon ⋅ 2 PM ⋅ Opens 7 AM Fri
Seismic Joint,2.8(22),"Cafe · Pier 15, 698 The Embarcadero",Museum cafe with coffee & sweet treats,Open ⋅ Closes 5 PM
Sextant Coffee Roasters,4.5(595) · $$,Coffee shop · 1415 Folsom St,Coffeehouse with exposed brick & beams,Open ⋅ Closes 4 PM
Sightglass Coffee,"4.5(2,835) · $$",Coffee shop · 270 7th St,Espresso drinks & coffee roasted on-site,Open ⋅ Closes 5 PM
Sightglass Coffee,4.4(473) · $$,Coffee shop · 301 Divisadero St,Espresso drinks & coffee roasted on-site,Open ⋅ Closes 5 PM
Sightglass Coffee,4.5(607) · $$,Coffee shop · 3014 20th St,Espresso drinks & coffee roasted on-site,Open ⋅ Closes 5 PM
Sisters Coffee Shop,4.2(91),Coffee shop · 920 Valencia St,Open ⋅ Closes 5 PM,
Snowbird Coffee,4.5(461) · $$,Coffee shop · 1352 9th Ave A,Closed ⋅ Opens 8 AM Fri,
South Beach Cafe,4.2(342) · $,Cafe · 800 The Embarcadero,Coffee shop & pizzeria,Open ⋅ Closes 8:30 PM
Souvenir Coffee,4.7(69),Coffee shop · 262 Divisadero St,Open ⋅ Closes 5 PM,
SPRO - Mission Bay/SOMA,4.7(260) · $$,Coffee shop · 601 Mission Bay Boulevard North,Outdoor stop for coffee drinks & eats,Open ⋅ Closes 4 PM
SPRO - Mission Dolores/Castro,4.7(247),Coffee shop · 500 Church St,Minimalist cafe brewing craft coffee,Open ⋅ Closes 5 PM
SPRO - Mission Dolores/Castro,4.7(247),Cafe · 500 Church St,Minimalist cafe brewing craft coffee,Open ⋅ Closes 5 PM
Stable Cafe,4.6(834) · $$,Cafe · 2128 Folsom St,Coffeehouse in former carriage house,Open ⋅ Closes 3 PM
Stanza Coffee Bar,4.2(204) · $,Coffee shop · 1673 Haight St,Upbeat nook serving espresso & pastries,Open ⋅ Closes 3 PM
Starbucks,4.2(493) · $$,Coffee shop · 865 Market Street San Francisco Centre,Iconic Seattle-based coffeehouse chain,Open ⋅ Closes 7:30 PM
Starbucks,3.7(760) · $$,Coffee shop · 499 Bay St,Iconic Seattle-based coffeehouse chain,Open ⋅ Closes 6 PM
Starbucks,4.1(456) · $$,Coffee shop · 565 Clay St,Iconic Seattle-based coffeehouse chain,Open ⋅ Closes 5:30 PM
Starbucks,4.1(435) · $$,Coffee shop · 49 Jefferson St P,Iconic Seattle-based coffeehouse chain,Open ⋅ Closes 6 PM
Starbucks,3.8(272) · $$,Coffee shop · 789 Mission St,Iconic Seattle-based coffeehouse chain,Open ⋅ Closes 7 PM
Starbucks,4.2(163) · $$,Coffee shop · 100 1st St,Iconic Seattle-based coffeehouse chain,Open ⋅ Closes 6 PM
Starbucks,3.9(365) · $$,"Coffee shop · Levi's Plaza, 1255 Battery St",Iconic Seattle-based coffeehouse chain,Open ⋅ Closes 6 PM
Starbucks,4.5(502) · $$,Coffee shop · 201 Mission St,Iconic Seattle-based coffeehouse chain,Open ⋅ Closes 6 PM
Starbucks,4.2(205) · $$,Coffee shop · 580 California St #150,Iconic Seattle-based coffeehouse chain,Open ⋅ Closes 5:30 PM
Starbucks,4.2(187) · $$,Coffee shop · 425 Battery St,Iconic Seattle-based coffeehouse chain,Open ⋅ Closes 5 PM
Starbucks,3.8(255) · $$,Coffee shop · 780 Market St,Iconic Seattle-based coffeehouse chain,Open ⋅ Closes 7 PM
Starbucks,3.8(193) · $$,Coffee shop · 99 Jackson St,Iconic Seattle-based coffeehouse chain,Open ⋅ Closes 6 PM
Sutter Street Cafe,4.7(107),Cafe · 450 Sutter St #7,Small sandwich shop with coffee & sweets,Open ⋅ Closes 4 PM
Sweetheart Cafe,4.2(210) · $,Coffee shop · 909 Grant Ave,Light Asian bites & sweet treats,Open ⋅ Closes 7 PM
Tallio's Coffee & Tea,4.7(41) · $,Coffee shop · 4732 3rd St,Open ⋅ Closes 4 PM,
Tarragon Cafe,4.6(112),Cafe · 200 Fillmore St,Open ⋅ Closes 5 PM,
Telescope Coffee,4.8(132),Coffee shop · 345 6th St,Temporarily closed,
The Coffee Movement,4.8(724) · $,Coffee shop · 1030 Washington St,"Snug, minimalist cafe for artisan brews",Open ⋅ Closes 4 PM
The Crêpe Café,4.2(545) · $$,Cafe · 333 Jefferson St UNIT 5A,Chill spot for sweet & savory crepes,Open ⋅ Closes 9 PM
The Fresh Cup,4.6(40),Cafe · 798 S Van Ness Ave,Closes soon ⋅ 3 PM ⋅ Opens 7 AM Fri,
The Law Café,4.7(7),Cafe · 200 McAllister St,Closes soon ⋅ 3 PM ⋅ Opens 7:30 AM Fri,
The Little Spot Cafe,4.7(114) · $,Cafe · 1199 S Van Ness Ave,Eclectic coffee shop with light bites,Open ⋅ Closes 7 PM
The Market Cafe,4.2(40),Cafe · 1355 Market St,Open ⋅ Closes 5 PM,
The Mill,"4.5(1,765) · $$",Coffee shop · 736 Divisadero St,Airy coffee shop with breads & pastries,Open ⋅ Closes 5 PM
The Mill,"4.5(1,765) · $$",Cafe · 736 Divisadero St,Airy coffee shop with breads & pastries,Open ⋅ Closes 5 PM
The Morning Fix,4.6(68) · $,Cafe · 1008 Bush St,"Pit stop for coffee, bagels & sandwiches",Closed ⋅ Opens 7 AM Fri
Tu Kim Coffee Shop,3.8(30),Cafe · 609 Ellis St,Open ⋅ Closes 5 PM,
Unexpected Era Café,4.8(42),Coffee shop · 614 Polk St,Closes soon ⋅ 2:30 PM ⋅ Opens 7 AM Fri,
Verve Coffee Roasters,4.4(670) · $$,Coffee shop · 2101 Market St,Modern coffeehouse with artisanal blends,Open ⋅ Closes 6 PM
Viva Cafe,4.9(80),Cafe · 601 Montgomery St,Open ⋅ Closes 5 PM,
Working Girls' Cafe,4.4(76) · $$,Cafe · 101 Mission St,Outpost for breakfast & lunch staples,Closes soon ⋅ 3 PM ⋅ Opens 9 AM Fri
Wrecking Ball Coffee Roasters,4.4(510) · $$,Coffee shop · 2271 Union St,House-roasted coffee blends & pastries,Closes soon ⋅ 2 PM ⋅ Opens 7 AM Fri
Yu’s Cafe,4.4(32) · $,Bubble Tea · 57 Walter U Lum Pl,Open ⋅ Closes 10 PM,
